1,Adept Watershaper
1,Altar of Dementia
1,Arcane Signet
1,Bedrock Tortoise
1,"Betor, Kin to All"
1,Bilbo's Gambit
1,Birds of Paradise
1,Blasphemous Edict
1,Canopy Vista
1,Captain Sisay
1,Chelonian Tackle
1,Chomping Changeling
1,Clifftop Lookout
1,Dina's Guidance
1,"Doran, Besieged by Time"
1,Emptiness
1,Evolving Wilds
1,Exotic Orchard
7,Forest
1,Fortified Village
1,Fortify
1,Gathering Place
1,Gnarlbark Elm
1,Godless Shrine
1,Great Divide Guide
1,Guardians of Meletis
1,Heroic Intervention
1,Horizon Canopy
1,"Ixhel, Scion of Atraxa"
1,Jaws of Defeat
1,Jumbo Cactuar
1,Junktroller
1,Moonlit Lamenter
1,Murmuring Bosk
1,Oakgnarl Warrior
1,Orzhov Signet
1,Overgrown Farmland
1,Overgrown Tomb
1,Path to Exile
1,Perennation
1,Pest Control
6,Plains
1,Planar Engineering
1,Prey Upon
1,"Quickbeam, Upstart Ent"
1,Radagast of Rhosgobel
1,Rainveil Rejuvenator
1,Reach the Horizon
1,Reaping Willow
1,Restless Fortress
1,Sapling Nursery
1,Sapling of Colfenor
1,Scattered Groves
1,Selesnya Signet
1,Sergeant John Benton
1,Shared Roots
1,Shattered Sanctum
1,Shimmerwilds Growth
1,Six
1,Slumbering Walker
1,Snakeskin Veil
1,Sol Ring
1,South Wind Avatar
1,Storm the Seedcore
1,Streetwise Negotiator
1,Sungrass Prairie
7,Swamp
1,Swords to Plowshares
1,Talisman of Resilience
1,Tapestry Warden
1,Temple Garden
1,Temple of Silence
1,Thallid Shell-Dweller
1,The Arkenstone // Seek the Heart
1,The Walls of Ba Sing Se
1,Tree of Perdition
1,Tribute to the Wild
1,Utopia Sprawl
1,Vindicate
1,Wall of Omens
1,Wave of Reckoning
1,Weirding Wood
1,Windswept Heath
