1,Adarkar Wastes
1,Animate Dead
1,Arcane Signet
1,Ashnod's Altar
1,Azorius Signet
1,Bleachbone Verge
1,Bloodline Bidding
1,Bone Miser
1,Brightclimb Pathway // Grimclimb Pathway
1,Buried Alive
1,Cabal Coffers
1,Carrion Feeder
1,Cemetery Reaper
1,Command Tower
1,Darkslick Shores
1,Darkwater Catacombs
1,Death Baron
1,Dimir Signet
1,Diregraf Captain
1,Dread Return
1,Dread Wanderer
1,Filth
1,Gleaming Bastion
1,Gloomlake Verge
1,Godless Shrine
1,Grand Abolisher
1,Grave Pact
1,Grave Titan
1,Gravecrawler
1,Grim Reaper's Scythe
1,Grim Servant
1,Hallowed Fountain
1,"Hashaton, Scarab's Fist"
1,Haunted One
1,Headless Rider
1,Island
1,Jet Medallion
1,Kindred Discovery
1,Kindred Dominance
1,Lord of the Undead
1,Lost Monarch of Ifnir
1,Mana Confluence
1,Master of Death
1,Meteor Crater
1,Midnight Reaper
1,"Mikaeus, the Unhallowed"
1,Multiversal Passage
1,Necroduality
1,Noxious Ghoul
1,Overcharged Amalgam
1,Path of Ancestry
1,Phyrexian Tower
2,Plains
1,Prairie Stream
1,Prized Amalgam
1,Putrid Imp
1,Raffine's Tower
1,Ranger-Captain of Eos
1,Reanimate
1,Reconnaissance
1,Relentless Dead
1,Ripples of Undeath
1,Roaming Throne
1,Rot Hulk
1,Shadowy Backstreet
1,Shattered Sanctum
1,Sheoldred's Edict
1,Shipwreck Marsh
1,"Sidisi, Undead Vizier"
1,Skycloud Expanse
1,Sol Ring
8,Swamp
1,Swords to Plowshares
1,Talisman of Progress
1,Teferi's Protection
1,Teval's Judgment
1,The Meathook Massacre
1,The Scarab God
1,Toxic Deluge
1,Undead Warchief
1,Unholy Grotto
1,"Urborg, Tomb of Yawgmoth"
1,"Varina, Lich Queen"
1,Victimize
1,Voice of Victory
1,Wand of Orcus
1,Warren Soultrader
1,Watery Grave
1,"Wilhelt, the Rotcleaver"
1,Zombie Master
1,Zombie Trailblazer
